<?xml version="1.0" encoding="UTF-8"?>
<project-private xmlns="http://www.netbeans.org/ns/project-private/1">
    <editor-bookmarks xmlns="http://www.netbeans.org/ns/editor-bookmarks/2" lastBookmarkId="0"/>
    <open-files xmlns="http://www.netbeans.org/ns/projectui-open-files/2">
        <group>
            <file>file:/C:/Users/Admin/OneDrive/Documents/NetBeansProjects/Atminterface/src/atminterface/AddUser.java</file>
            <file>file:/C:/Users/Admin/OneDrive/Documents/NetBeansProjects/Atminterface/src/atminterface/Pin.java</file>
            <file>file:/C:/Users/Admin/OneDrive/Documents/NetBeansProjects/Atminterface/src/atminterface/Login.java</file>
            <file>file:/C:/Users/Admin/OneDrive/Documents/NetBeansProjects/Atminterface/src/atminterface/Commons.java</file>
            <file>file:/C:/Users/Admin/OneDrive/Documents/NetBeansProjects/Atminterface/src/atminterface/Success.java</file>
            <file>file:/C:/Users/Admin/OneDrive/Documents/NetBeansProjects/Atminterface/src/atminterface/Atminterface.java</file>
            <file>file:/C:/Users/Admin/OneDrive/Documents/NetBeansProjects/Atminterface/src/atminterface/Quick.java</file>
            <file>file:/C:/Users/Admin/OneDrive/Documents/NetBeansProjects/Atminterface/src/atminterface/Statements.java</file>
            <file>file:/C:/Users/Admin/OneDrive/Documents/NetBeansProjects/Atminterface/src/atminterface/Home.java</file>
            <file>file:/C:/Users/Admin/OneDrive/Documents/NetBeansProjects/Atminterface/src/atminterface/Fail.java</file>
            <file>file:/C:/Users/Admin/OneDrive/Documents/NetBeansProjects/Atminterface/src/atminterface/Admin.java</file>
            <file>file:/C:/Users/Admin/OneDrive/Documents/NetBeansProjects/Atminterface/src/atminterface/Operations.java</file>
            <file>file:/C:/Users/Admin/OneDrive/Documents/NetBeansProjects/Atminterface/src/atminterface/SqlManage.java</file>
        </group>
    </open-files>
</project-private>
